{
"lengthUnit": "mil",
"remark": [],
"components": {
	"fields": ["COMPONENT_NO", "COMPONENT_NAME", "LAYER", "X_COORDINATE", "Y_COORDINATE", "ANGLE"],
	"rows": [
		[1, "C1", "T", -510, -145, 0],
		[2, "C2", "T", -665, -145, 0],
		[3, "C3", "T", -665, -220, 0],
		[4, "C4", "T", -400, 165, 0],
		[5, "C5", "T", -400, 90, 0],
		[6, "C6", "T", -400, 15, 0],
		[7, "C7", "T", -385, -70, 0],
		[8, "D2", "T", -390, -140, 0],
		[9, "Q1", "T", -1520, -250, 0],
		[10, "R3", "T", -950, -310, 90],
		[11, "R4", "T", -789.8968, -185, 90],
		[12, "R5", "T", -1055, -540, 90],
		[13, "U1", "T", -690.259, 139.6, 0],
		[14, "U2", "T", -1790, -785, 0],
		[15, "U3", "T", -1775, -225, 0],
		[16, "USB2", "T", -2040, 210, 180],
		[17, "USB3", "T", -1310, 210, 180],
		[18, "USBC1", "T", -95, -45, 90],
		[19, "USBC2", "T", -2385, -140, 270],
		[20, "PAD1", "T", -482.44, -145, 0],
		[21, "PAD2", "T", -537.56, -145, 0],
		[22, "PAD3", "T", -637.44, -145, 0],
		[23, "PAD4", "T", -692.56, -145, 0],
		[24, "PAD5", "T", -637.44, -220, 0],
		[25, "PAD6", "T", -692.56, -220, 0],
		[26, "PAD7", "T", -372.44, 165, 0],
		[27, "PAD8", "T", -427.56, 165, 0],
		[28, "PAD9", "T", -372.44, 90, 0],
		[29, "PAD10", "T", -427.56, 90, 0],
		[30, "PAD11", "T", -372.44, 15, 0],
		[31, "PAD12", "T", -427.56, 15, 0],
		[32, "PAD13", "T", -357.44, -70, 0],
		[33, "PAD14", "T", -412.56, -70, 0],
		[34, "PAD15", "T", -343.835, -140, 0],
		[35, "PAD16", "T", -436.165, -140, 0],
		[36, "PAD17", "T", -1466.6, -309.05, 0],
		[37, "PAD18", "T", -1466.6, -190.94, 0],
		[38, "PAD19", "T", -1573.39, -250.01, 0],
		[39, "PAD20", "T", -865.259, 26.51, 0],
		[40, "PAD21", "T", -815.259, 26.51, 0],
		[41, "PAD22", "T", -765.259, 26.51, 0],
		[42, "PAD23", "T", -715.259, 26.51, 0],
		[43, "PAD24", "T", -665.259, 26.51, 0],
		[44, "PAD25", "T", -615.259, 26.51, 0],
		[45, "PAD26", "T", -565.259, 26.51, 0],
		[46, "PAD27", "T", -515.259, 26.51, 0],
		[47, "PAD28", "T", -865.259, 252.69, 0],
		[48, "PAD29", "T", -765.259, 252.69, 0],
		[49, "PAD30", "T", -715.259, 252.69, 0],
		[50, "PAD31", "T", -665.259, 252.69, 0],
		[51, "PAD32", "T", -615.259, 252.69, 0],
		[52, "PAD33", "T", -565.259, 252.69, 0],
		[53, "PAD34", "T", -515.259, 252.69, 0],
		[54, "PAD35", "T", -1663.04, -855.87, 0],
		[55, "PAD36", "T", -1706.34, -855.87, 0],
		[56, "PAD37", "T", -1749.65, -855.87, 0],
		[57, "PAD38", "T", -1792.96, -855.87, 0],
		[58, "PAD39", "T", -1836.27, -855.87, 0],
		[59, "PAD40", "T", -1879.57, -855.87, 0],
		[60, "PAD41", "T", -1922.88, -855.87, 0],
		[61, "PAD42", "T", -1966.19, -855.87, 0],
		[62, "PAD43", "T", -1520.32, -623.58, 0],
		[63, "PAD44", "T", -2059.69, -623.58, 0],
		[64, "PAD45", "T", -1520.32, -946.42, 0],
		[65, "PAD46", "T", -2059.69, -946.42, 0],
		[66, "PAD47", "T", -1687.5, -120.48, 0],
		[67, "PAD48", "T", -1712.5, -120.48, 0],
		[68, "PAD49", "T", -1737.5, -120.48, 0],
		[69, "PAD50", "T", -1787.5, -120.48, 0],
		[70, "PAD51", "T", -1812.5, -120.48, 0],
		[71, "PAD52", "T", -1837.5, -120.48, 0],
		[72, "PAD53", "T", -1862.5, -120.48, 0],
		[73, "PAD54", "T", -1687.5, -329.52, 0],
		[74, "PAD55", "T", -1712.5, -329.52, 0],
		[75, "PAD56", "T", -1737.5, -329.52, 0],
		[76, "PAD57", "T", -1762.5, -329.52, 0],
		[77, "PAD58", "T", -1787.5, -329.52, 0],
		[78, "PAD59", "T", -1812.5, -329.52, 0],
		[79, "PAD60", "T", -1837.5, -329.52, 0],
		[80, "PAD61", "T", -1862.5, -329.52, 0],
		[81, "PAD62", "T", -1764.41, 263.345, 0],
		[82, "PAD62", "B", -1764.41, 263.345, 0],
		[83, "PAD63", "T", -2315.59, 263.345, 0],
		[84, "PAD63", "B", -2315.59, 263.345, 0],
		[85, "PAD64", "T", -2177.79, 156.655, 0],
		[86, "PAD64", "B", -2177.79, 156.655, 0],
		[87, "PAD65", "T", -2079.37, 156.655, 0],
		[88, "PAD65", "B", -2079.37, 156.655, 0],
		[89, "PAD66", "T", -2000.63, 156.655, 0],
		[90, "PAD66", "B", -2000.63, 156.655, 0],
		[91, "PAD67", "T", -1902.2, 156.655, 0],
		[92, "PAD67", "B", -1902.2, 156.655, 0],
		[93, "PAD68", "T", -1034.41, 263.345, 0],
		[94, "PAD68", "B", -1034.41, 263.345, 0],
		[95, "PAD69", "T", -1585.59, 263.345, 0],
		[96, "PAD69", "B", -1585.59, 263.345, 0],
		[97, "PAD70", "T", -1447.79, 156.655, 0],
		[98, "PAD70", "B", -1447.79, 156.655, 0],
		[99, "PAD71", "T", -1349.37, 156.655, 0],
		[100, "PAD71", "B", -1349.37, 156.655, 0],
		[101, "PAD72", "T", -1270.63, 156.655, 0],
		[102, "PAD72", "B", -1270.63, 156.655, 0],
		[103, "PAD73", "T", -1172.2, 156.655, 0],
		[104, "PAD73", "B", -1172.2, 156.655, 0],
		[105, "PAD74", "T", -192.41, -94.21, 0],
		[106, "PAD75", "T", -192.41, -74.53, 0],
		[107, "PAD76", "T", -192.41, -54.84, 0],
		[108, "PAD77", "T", -192.41, -35.16, 0],
		[109, "PAD78", "T", -192.41, -15.47, 0],
		[110, "PAD79", "T", -192.41, 23.9, 0],
		[111, "PAD80", "T", -192.4, -176.89, 0],
		[112, "PAD81", "T", -192.41, -165.08, 0],
		[113, "PAD82", "T", -192.4, -145.39, 0],
		[114, "PAD83", "T", -192.4, -133.58, 0],
		[115, "PAD84", "T", -192.4, 43.58, 0],
		[116, "PAD85", "T", -192.4, 55.4, 0],
		[117, "PAD86", "T", -192.41, 75.08, 0],
		[118, "PAD87", "T", -192.41, 86.89, 0],
		[119, "PAD88", "T", 2.4, 125.28, 0],
		[120, "PAD88", "B", 2.4, 125.28, 0],
		[121, "PAD89", "T", -162.16, 125.28, 0],
		[122, "PAD89", "B", -162.16, 125.28, 0],
		[123, "PAD90", "T", -162.16, -215.28, 0],
		[124, "PAD90", "B", -162.16, -215.28, 0],
		[125, "PAD91", "T", 2.4, -215.28, 0],
		[126, "PAD91", "B", 2.4, -215.28, 0],
		[127, "PAD92", "T", -2287.59, -90.79, 0],
		[128, "PAD93", "T", -2287.59, -110.47, 0],
		[129, "PAD94", "T", -2287.59, -130.16, 0],
		[130, "PAD95", "T", -2287.59, -149.84, 0],
		[131, "PAD96", "T", -2287.59, -169.53, 0],
		[132, "PAD97", "T", -2287.59, -208.9, 0],
		[133, "PAD98", "T", -2287.6, -8.11, 0],
		[134, "PAD99", "T", -2287.59, -19.92, 0],
		[135, "PAD100", "T", -2287.6, -39.61, 0],
		[136, "PAD101", "T", -2287.6, -51.42, 0],
		[137, "PAD102", "T", -2287.6, -228.58, 0],
		[138, "PAD103", "T", -2287.6, -240.4, 0],
		[139, "PAD104", "T", -2287.59, -260.08, 0],
		[140, "PAD105", "T", -2287.59, -271.89, 0],
		[141, "PAD106", "T", -2482.4, -310.28, 0],
		[142, "PAD106", "B", -2482.4, -310.28, 0],
		[143, "PAD107", "T", -2317.84, -310.28, 0],
		[144, "PAD107", "B", -2317.84, -310.28, 0],
		[145, "PAD108", "T", -2317.84, 30.28, 0],
		[146, "PAD108", "B", -2317.84, 30.28, 0],
		[147, "PAD109", "T", -2482.4, 30.28, 0],
		[148, "PAD109", "B", -2482.4, 30.28, 0],
		[149, "PAD110", "T", -950, -251.78, 0],
		[150, "PAD111", "T", -950, -368.22, 0],
		[151, "PAD112", "T", -789.8968, -145.63, 0],
		[152, "PAD113", "T", -789.8968, -224.37, 0],
		[153, "PAD114", "T", -1055, -483.26, 0],
		[154, "PAD115", "T", -1055, -596.74, 0]
	]
},
"pins": {
	"fields": ["PIN_NO", "PIN_NAME", "PIN_X", "PIN_Y", "LAYER", "PIN_TYPE", "NET_NAME", "NET_TYPE", "PAD_SHAPE", "PAD_SIZEX", "PAD_SIZEY", "HOLE_SIZE", "HOLE_LEN", "PAD_ANGLE"],
	"rows": [
		[1, "C1_1", -537.56, -145, "T", "SMD", "+5V", "", "R", 31.496, 35.433, 0, 0, 0],
		[2, "C1_2", -482.44, -145, "T", "SMD", "GND", "GND", "R", 31.496, 35.433, 0, 0, 0],
		[3, "C2_1", -692.56, -145, "T", "SMD", "+5V", "", "R", 31.496, 35.433, 0, 0, 0],
		[4, "C2_2", -637.44, -145, "T", "SMD", "GND", "GND", "R", 31.496, 35.433, 0, 0, 0],
		[5, "C3_1", -692.56, -220, "T", "SMD", "+5V", "", "R", 31.496, 35.433, 0, 0, 0],
		[6, "C3_2", -637.44, -220, "T", "SMD", "GND", "GND", "R", 31.496, 35.433, 0, 0, 0],
		[7, "C4_1", -427.56, 165, "T", "SMD", "U1_14", "", "R", 31.496, 35.433, 0, 0, 0],
		[8, "C4_2", -372.44, 165, "T", "SMD", "GND", "GND", "R", 31.496, 35.433, 0, 0, 0],
		[9, "C5_1", -427.56, 90, "T", "SMD", "U1_13", "", "R", 31.496, 35.433, 0, 0, 0],
		[10, "C5_2", -372.44, 90, "T", "SMD", "GND", "GND", "R", 31.496, 35.433, 0, 0, 0],
		[11, "C6_1", -427.56, 15, "T", "SMD", "U3_9", "", "R", 31.496, 35.433, 0, 0, 0],
		[12, "C6_2", -372.44, 15, "T", "SMD", "GND", "GND", "R", 31.496, 35.433, 0, 0, 0],
		[13, "C7_1", -412.56, -70, "T", "SMD", "U2_4", "", "R", 31.496, 35.433, 0, 0, 0],
		[14, "C7_2", -357.44, -70, "T", "SMD", "GND", "GND", "R", 31.496, 35.433, 0, 0, 0],
		[15, "D2_1", -436.165, -140, "T", "SMD", "+5V", "", "R", 39.37, 29.528, 0, 0, 0],
		[16, "D2_2", -343.835, -140, "T", "SMD", "USBC1_B4", "", "R", 39.37, 29.528, 0, 0, 0],
		[17, "Q1_1", -1466.6, -309.05, "T", "SMD", "GND", "GND", "R", 62.008, 26.457, 0, 0, 0],
		[18, "Q1_2", -1573.39, -250.01, "T", "SMD", "U3_9", "", "P", 211.685, 74.804, 0, 0, 90],
		[19, "Q1_3", -1466.6, -190.94, "T", "SMD", "+5V", "", "R", 62.008, 26.457, 0, 0, 0],
		[20, "R3_1", -950, -368.22, "T", "SMD", "USBC2_B5", "", "R", 47.54, 66.969, 0, 0, 90],
		[21, "R3_2", -950, -251.78, "T", "SMD", "GND", "GND", "R", 47.54, 66.969, 0, 0, 90],
		[22, "R4_1", -789.8968, -224.37, "T", "SMD", "GND", "GND", "R", 44.588, 54.213, 0, 0, 90],
		[23, "R4_2", -789.8968, -145.63, "T", "SMD", "U3_11", "", "R", 44.588, 54.213, 0, 0, 90],
		[24, "R5_1", -1055, -596.74, "T", "SMD", "USBC1_B5", "", "R", 50.493, 110.551, 0, 0, 90],
		[25, "R5_2", -1055, -483.26, "T", "SMD", "GND", "GND", "R", 50.493, 110.551, 0, 0, 90],
		[26, "U1_1", -865.259, 26.51, "T", "SMD", "GND", "GND", "O", 22.047, 68.701, 0, 0, 0],
		[27, "U1_2", -815.259, 26.51, "T", "SMD", "U1_2", "", "O", 22.047, 68.701, 0, 0, 0],
		[28, "U1_3", -765.259, 26.51, "T", "SMD", "U1_3", "", "O", 22.047, 68.701, 0, 0, 0],
		[29, "U1_4", -715.259, 26.51, "T", "SMD", "U1_4", "", "O", 22.047, 68.701, 0, 0, 0],
		[30, "U1_5", -665.259, 26.51, "T", "SMD", "USB3_2", "", "O", 22.047, 68.701, 0, 0, 0],
		[31, "U1_6", -615.259, 26.51, "T", "SMD", "USB3_3", "", "O", 22.047, 68.701, 0, 0, 0],
		[32, "U1_7", -565.259, 26.51, "T", "SMD", "USB2_2", "", "O", 22.047, 68.701, 0, 0, 0],
		[33, "U1_8", -515.259, 26.51, "T", "SMD", "USB2_3", "", "O", 22.047, 68.701, 0, 0, 0],
		[34, "U1_9", -515.259, 252.69, "T", "SMD", "U1_9", "", "O", 22.047, 68.701, 0, 0, 0],
		[35, "U1_10", -565.259, 252.69, "T", "SMD", "GND", "GND", "O", 22.047, 68.701, 0, 0, 0],
		[36, "U1_11", -615.259, 252.69, "T", "SMD", "+5V", "", "O", 22.047, 68.701, 0, 0, 0],
		[37, "U1_12", -665.259, 252.69, "T", "SMD", "GND", "GND", "O", 22.047, 68.701, 0, 0, 0],
		[38, "U1_13", -715.259, 252.69, "T", "SMD", "U1_13", "", "O", 22.047, 68.701, 0, 0, 0],
		[39, "U1_14", -765.259, 252.69, "T", "SMD", "U1_14", "", "O", 22.047, 68.701, 0, 0, 0],
		[40, "U1_15", -815.259, 252.69, "T", "SMD", "NET_1", "", "O", 22.047, 68.701, 0, 0, 0],
		[41, "U1_16", -865.259, 252.69, "T", "SMD", "GND", "GND", "O", 22.047, 68.701, 0, 0, 0],
		[42, "U2_1", -1663.04, -855.87, "T", "SMD", "U2_1", "", "R", 31.496, 47.244, 0, 0, 0],
		[43, "U2_2", -1706.34, -855.87, "T", "SMD", "U2_2", "", "R", 31.496, 47.244, 0, 0, 0],
		[44, "U2_3", -1749.65, -855.87, "T", "SMD", "U2_3", "", "R", 31.496, 47.244, 0, 0, 0],
		[45, "U2_4", -1792.96, -855.87, "T", "SMD", "U2_4", "", "R", 31.496, 47.244, 0, 0, 0],
		[46, "U2_5", -1836.27, -855.87, "T", "SMD", "U2_5", "", "R", 31.496, 47.244, 0, 0, 0],
		[47, "U2_6", -1879.57, -855.87, "T", "SMD", "U2_6", "", "R", 31.496, 47.244, 0, 0, 0],
		[48, "U2_7", -1922.88, -855.87, "T", "SMD", "U2_7", "", "R", 31.496, 47.244, 0, 0, 0],
		[49, "U2_8", -1966.19, -855.87, "T", "SMD", "U2_7", "", "R", 31.496, 47.244, 0, 0, 0],
		[50, "U2_9", -1520.32, -623.58, "T", "SMD", "GND", "GND", "R", 59.055, 78.74, 0, 0, 0],
		[51, "U2_10", -2059.69, -623.58, "T", "SMD", "GND", "GND", "R", 59.055, 78.74, 0, 0, 0],
		[52, "U2_11", -1520.32, -946.42, "T", "SMD", "GND", "GND", "R", 59.055, 78.74, 0, 0, 0],
		[53, "U2_12", -2059.69, -946.42, "T", "SMD", "GND", "GND", "R", 59.055, 78.74, 0, 0, 0],
		[54, "U3_1", -1862.5, -329.52, "T", "SMD", "U2_6", "", "O", 14, 71.449, 0, 0, 0],
		[55, "U3_2", -1837.5, -329.52, "T", "SMD", "U2_7", "", "O", 14, 71.449, 0, 0, 0],
		[56, "U3_3", -1812.5, -329.52, "T", "SMD", "U2_7", "", "O", 14, 71.449, 0, 0, 0],
		[57, "U3_4", -1787.5, -329.52, "T", "SMD", "U2_5", "", "O", 14, 71.449, 0, 0, 0],
		[58, "U3_5", -1762.5, -329.52, "T", "SMD", "U2_3", "", "O", 14, 71.449, 0, 0, 0],
		[59, "U3_6", -1737.5, -329.52, "T", "SMD", "U2_2", "", "O", 14, 71.449, 0, 0, 0],
		[60, "U3_7", -1712.5, -329.52, "T", "SMD", "U2_1", "", "O", 14, 71.449, 0, 0, 0],
		[61, "U3_8", -1687.5, -329.52, "T", "SMD", "U2_4", "", "O", 14, 71.449, 0, 0, 0],
		[62, "U3_9", -1687.5, -120.48, "T", "SMD", "U3_9", "", "O", 14, 71.449, 0, 0, 0],
		[63, "U3_10", -1712.5, -120.48, "T", "SMD", "+5V", "", "O", 14, 71.449, 0, 0, 0],
		[64, "U3_11", -1737.5, -120.48, "T", "SMD", "U3_11", "", "O", 14, 71.449, 0, 0, 0],
		[65, "U3_12", -1762.5, -120.48, "T", "SMD", "NET_2", "", "O", 14, 71.449, 0, 0, 0],
		[66, "U3_13", -1787.5, -120.48, "T", "SMD", "U3_9", "", "O", 14, 71.449, 0, 0, 0],
		[67, "U3_14", -1812.5, -120.48, "T", "SMD", "GND", "GND", "O", 14, 71.449, 0, 0, 0],
		[68, "U3_15", -1837.5, -120.48, "T", "SMD", "U1_4", "", "O", 14, 71.449, 0, 0, 0],
		[69, "U3_16", -1862.5, -120.48, "T", "SMD", "U1_3", "", "O", 14, 71.449, 0, 0, 0],
		[70, "USB2_1", -1902.2, 156.655, "T", "DIP", "+5V", "", "R", 60, 60, 36.22, 36.22, 180],
		[71, "USB2_1", -1902.2, 156.655, "B", "DIP", "+5V", "", "R", 60, 60, 36.22, 36.22, 180],
		[72, "USB2_2", -2000.63, 156.655, "T", "DIP", "USB2_2", "", "C", 60, 60, 36.22, 36.22, 180],
		[73, "USB2_2", -2000.63, 156.655, "B", "DIP", "USB2_2", "", "C", 60, 60, 36.22, 36.22, 180],
		[74, "USB2_3", -2079.37, 156.655, "T", "DIP", "USB2_3", "", "C", 60, 60, 36.22, 36.22, 180],
		[75, "USB2_3", -2079.37, 156.655, "B", "DIP", "USB2_3", "", "C", 60, 60, 36.22, 36.22, 180],
		[76, "USB2_4", -2177.79, 156.655, "T", "DIP", "GND", "GND", "C", 60, 60, 36.22, 36.22, 180],
		[77, "USB2_4", -2177.79, 156.655, "B", "DIP", "GND", "GND", "C", 60, 60, 36.22, 36.22, 180],
		[78, "USB2_5", -2315.59, 263.345, "T", "DIP", "GND", "GND", "C", 102.362, 102.362, 82.678, 82.678, 180],
		[79, "USB2_5", -2315.59, 263.345, "B", "DIP", "GND", "GND", "C", 102.362, 102.362, 82.678, 82.678, 180],
		[80, "USB2_6", -1764.41, 263.345, "T", "DIP", "GND", "GND", "C", 102.362, 102.362, 82.678, 82.678, 180],
		[81, "USB2_6", -1764.41, 263.345, "B", "DIP", "GND", "GND", "C", 102.362, 102.362, 82.678, 82.678, 180],
		[82, "USB3_1", -1172.2, 156.655, "T", "DIP", "+5V", "", "R", 60, 60, 36.22, 36.22, 180],
		[83, "USB3_1", -1172.2, 156.655, "B", "DIP", "+5V", "", "R", 60, 60, 36.22, 36.22, 180],
		[84, "USB3_2", -1270.63, 156.655, "T", "DIP", "USB3_2", "", "C", 60, 60, 36.22, 36.22, 180],
		[85, "USB3_2", -1270.63, 156.655, "B", "DIP", "USB3_2", "", "C", 60, 60, 36.22, 36.22, 180],
		[86, "USB3_3", -1349.37, 156.655, "T", "DIP", "USB3_3", "", "C", 60, 60, 36.22, 36.22, 180],
		[87, "USB3_3", -1349.37, 156.655, "B", "DIP", "USB3_3", "", "C", 60, 60, 36.22, 36.22, 180],
		[88, "USB3_4", -1447.79, 156.655, "T", "DIP", "GND", "GND", "C", 60, 60, 36.22, 36.22, 180],
		[89, "USB3_4", -1447.79, 156.655, "B", "DIP", "GND", "GND", "C", 60, 60, 36.22, 36.22, 180],
		[90, "USB3_5", -1585.59, 263.345, "T", "DIP", "GND", "GND", "C", 102.362, 102.362, 82.678, 82.678, 180],
		[91, "USB3_5", -1585.59, 263.345, "B", "DIP", "GND", "GND", "C", 102.362, 102.362, 82.678, 82.678, 180],
		[92, "USB3_6", -1034.41, 263.345, "T", "DIP", "GND", "GND", "C", 102.362, 102.362, 82.678, 82.678, 180],
		[93, "USB3_6", -1034.41, 263.345, "B", "DIP", "GND", "GND", "C", 102.362, 102.362, 82.678, 82.678, 180],
		[94, "USBC1_0", -162.16, -215.28, "T", "DIP", "GND", "GND", "O", 47.244, 78.74, 31.496, 62.993, 90],
		[95, "USBC1_0", -162.16, -215.28, "B", "DIP", "GND", "GND", "O", 47.244, 78.74, 31.496, 62.993, 90],
		[96, "USBC1_1", -162.16, 125.28, "T", "DIP", "GND", "GND", "O", 47.244, 78.74, 31.496, 62.991, 90],
		[97, "USBC1_1", -162.16, 125.28, "B", "DIP", "GND", "GND", "O", 47.244, 78.74, 31.496, 62.991, 90],
		[98, "USBC1_2", 2.4, 125.28, "T", "DIP", "GND", "GND", "O", 47.244, 70.866, 31.496, 55.118, 90],
		[99, "USBC1_2", 2.4, 125.28, "B", "DIP", "GND", "GND", "O", 47.244, 70.866, 31.496, 55.118, 90],
		[100, "USBC1_3", 2.4, -215.28, "T", "DIP", "GND", "GND", "O", 47.244, 70.866, 31.496, 55.118, 90],
		[101, "USBC1_3", 2.4, -215.28, "B", "DIP", "GND", "GND", "O", 47.244, 70.866, 31.496, 55.118, 90],
		[102, "USBC1_A1", -192.4, -176.89, "T", "SMD", "GND", "GND", "R", 11.811, 51.181, 0, 0, 90],
		[103, "USBC1_A12", -192.41, 86.89, "T", "SMD", "GND", "GND", "R", 11.811, 51.181, 0, 0, 90],
		[104, "USBC1_A4", -192.4, -145.39, "T", "SMD", "USBC1_B4", "", "R", 11.811, 51.181, 0, 0, 90],
		[105, "USBC1_A5", -192.41, -94.21, "T", "SMD", "USBC1_B5", "", "R", 11.811, 51.181, 0, 0, 90],
		[106, "USBC1_A6", -192.41, -54.84, "T", "SMD", "GND", "GND", "R", 11.811, 51.181, 0, 0, 90],
		[107, "USBC1_A7", -192.41, -35.16, "T", "SMD", "U1_9", "", "R", 11.811, 51.181, 0, 0, 90],
		[108, "USBC1_A8", -192.41, 4.2, "T", "SMD", "NET_3", "", "R", 11.811, 51.181, 0, 0, 90],
		[109, "USBC1_A9", -192.4, 55.4, "T", "SMD", "USBC1_B4", "", "R", 11.811, 51.181, 0, 0, 90],
		[110, "USBC1_B1", -192.41, 75.08, "T", "SMD", "GND", "GND", "R", 11.811, 51.181, 0, 0, 90],
		[111, "USBC1_B12", -192.41, -165.08, "T", "SMD", "GND", "GND", "R", 11.811, 51.181, 0, 0, 90],
		[112, "USBC1_B4", -192.4, 43.58, "T", "SMD", "USBC1_B4", "", "R", 11.811, 51.181, 0, 0, 90],
		[113, "USBC1_B5", -192.41, 23.9, "T", "SMD", "USBC1_B5", "", "R", 11.811, 51.181, 0, 0, 90],
		[114, "USBC1_B6", -192.41, -15.47, "T", "SMD", "GND", "GND", "R", 11.811, 51.181, 0, 0, 90],
		[115, "USBC1_B7", -192.41, -74.53, "T", "SMD", "U1_9", "", "R", 11.811, 51.181, 0, 0, 90],
		[116, "USBC1_B8", -192.41, -113.9, "T", "SMD", "NET_4", "", "R", 11.811, 51.181, 0, 0, 90],
		[117, "USBC1_B9", -192.4, -133.58, "T", "SMD", "USBC1_B4", "", "R", 11.811, 51.181, 0, 0, 90],
		[118, "USBC2_0", -2317.84, 30.28, "T", "DIP", "GND", "GND", "O", 47.244, 78.74, 31.496, 62.993, 270],
		[119, "USBC2_0", -2317.84, 30.28, "B", "DIP", "GND", "GND", "O", 47.244, 78.74, 31.496, 62.993, 270],
		[120, "USBC2_1", -2317.84, -310.28, "T", "DIP", "GND", "GND", "O", 47.244, 78.74, 31.496, 62.991, 270],
		[121, "USBC2_1", -2317.84, -310.28, "B", "DIP", "GND", "GND", "O", 47.244, 78.74, 31.496, 62.991, 270],
		[122, "USBC2_2", -2482.4, -310.28, "T", "DIP", "GND", "GND", "O", 47.244, 70.866, 31.496, 55.118, 270],
		[123, "USBC2_2", -2482.4, -310.28, "B", "DIP", "GND", "GND", "O", 47.244, 70.866, 31.496, 55.118, 270],
		[124, "USBC2_3", -2482.4, 30.28, "T", "DIP", "GND", "GND", "O", 47.244, 70.866, 31.496, 55.118, 270],
		[125, "USBC2_3", -2482.4, 30.28, "B", "DIP", "GND", "GND", "O", 47.244, 70.866, 31.496, 55.118, 270],
		[126, "USBC2_A1", -2287.6, -8.11, "T", "SMD", "GND", "GND", "R", 11.811, 51.181, 0, 0, 270],
		[127, "USBC2_A12", -2287.59, -271.89, "T", "SMD", "GND", "GND", "R", 11.811, 51.181, 0, 0, 270],
		[128, "USBC2_A4", -2287.6, -39.61, "T", "SMD", "+5V", "", "R", 11.811, 51.181, 0, 0, 270],
		[129, "USBC2_A5", -2287.59, -90.79, "T", "SMD", "USBC2_B5", "", "R", 11.811, 51.181, 0, 0, 270],
		[130, "USBC2_A6", -2287.59, -130.16, "T", "SMD", "U1_2", "", "R", 11.811, 51.181, 0, 0, 270],
		[131, "USBC2_A7", -2287.59, -149.84, "T", "SMD", "GND", "GND", "R", 11.811, 51.181, 0, 0, 270],
		[132, "USBC2_A8", -2287.59, -189.2, "T", "SMD", "NET_5", "", "R", 11.811, 51.181, 0, 0, 270],
		[133, "USBC2_A9", -2287.6, -240.4, "T", "SMD", "+5V", "", "R", 11.811, 51.181, 0, 0, 270],
		[134, "USBC2_B1", -2287.59, -260.08, "T", "SMD", "GND", "GND", "R", 11.811, 51.181, 0, 0, 270],
		[135, "USBC2_B12", -2287.59, -19.92, "T", "SMD", "GND", "GND", "R", 11.811, 51.181, 0, 0, 270],
		[136, "USBC2_B4", -2287.6, -228.58, "T", "SMD", "+5V", "", "R", 11.811, 51.181, 0, 0, 270],
		[137, "USBC2_B5", -2287.59, -208.9, "T", "SMD", "USBC2_B5", "", "R", 11.811, 51.181, 0, 0, 270],
		[138, "USBC2_B6", -2287.59, -169.53, "T", "SMD", "U1_2", "", "R", 11.811, 51.181, 0, 0, 270],
		[139, "USBC2_B7", -2287.59, -110.47, "T", "SMD", "GND", "GND", "R", 11.811, 51.181, 0, 0, 270],
		[140, "USBC2_B8", -2287.59, -71.1, "T", "SMD", "NET_6", "", "R", 11.811, 51.181, 0, 0, 270],
		[141, "USBC2_B9", -2287.6, -51.42, "T", "SMD", "+5V", "", "R", 11.811, 51.181, 0, 0, 270],
		[142, "PAD1_2", -482.44, -145, "T", "SMD", "GND", "GND", "R", 31.496, 35.433, 0, 0, 0],
		[143, "PAD2_1", -537.56, -145, "T", "SMD", "+5V", "", "R", 31.496, 35.433, 0, 0, 0],
		[144, "PAD3_2", -637.44, -145, "T", "SMD", "GND", "GND", "R", 31.496, 35.433, 0, 0, 0],
		[145, "PAD4_1", -692.56, -145, "T", "SMD", "+5V", "", "R", 31.496, 35.433, 0, 0, 0],
		[146, "PAD5_2", -637.44, -220, "T", "SMD", "GND", "GND", "R", 31.496, 35.433, 0, 0, 0],
		[147, "PAD6_1", -692.56, -220, "T", "SMD", "+5V", "", "R", 31.496, 35.433, 0, 0, 0],
		[148, "PAD7_2", -372.44, 165, "T", "SMD", "GND", "GND", "R", 31.496, 35.433, 0, 0, 0],
		[149, "PAD8_1", -427.56, 165, "T", "SMD", "U1_14", "", "R", 31.496, 35.433, 0, 0, 0],
		[150, "PAD9_2", -372.44, 90, "T", "SMD", "GND", "GND", "R", 31.496, 35.433, 0, 0, 0],
		[151, "PAD10_1", -427.56, 90, "T", "SMD", "U1_13", "", "R", 31.496, 35.433, 0, 0, 0],
		[152, "PAD11_2", -372.44, 15, "T", "SMD", "GND", "GND", "R", 31.496, 35.433, 0, 0, 0],
		[153, "PAD12_1", -427.56, 15, "T", "SMD", "U3_9", "", "R", 31.496, 35.433, 0, 0, 0],
		[154, "PAD13_2", -357.44, -70, "T", "SMD", "GND", "GND", "R", 31.496, 35.433, 0, 0, 0],
		[155, "PAD14_1", -412.56, -70, "T", "SMD", "U2_4", "", "R", 31.496, 35.433, 0, 0, 0],
		[156, "PAD15_2", -343.835, -140, "T", "SMD", "USBC1_B4", "", "R", 39.37, 29.528, 0, 0, 0],
		[157, "PAD16_1", -436.165, -140, "T", "SMD", "+5V", "", "R", 39.37, 29.528, 0, 0, 0],
		[158, "PAD17_1", -1466.6, -309.05, "T", "SMD", "GND", "GND", "R", 62.008, 26.457, 0, 0, 0],
		[159, "PAD18_3", -1466.6, -190.94, "T", "SMD", "+5V", "", "R", 62.008, 26.457, 0, 0, 0],
		[160, "PAD19_2", -1573.39, -250.01, "T", "SMD", "U3_9", "", "P", 211.685, 74.804, 0, 0, 90],
		[161, "PAD20_1", -865.259, 26.51, "T", "SMD", "GND", "GND", "O", 22.047, 68.701, 0, 0, 0],
		[162, "PAD21_2", -815.259, 26.51, "T", "SMD", "U1_2", "", "O", 22.047, 68.701, 0, 0, 0],
		[163, "PAD22_3", -765.259, 26.51, "T", "SMD", "U1_3", "", "O", 22.047, 68.701, 0, 0, 0],
		[164, "PAD23_4", -715.259, 26.51, "T", "SMD", "U1_4", "", "O", 22.047, 68.701, 0, 0, 0],
		[165, "PAD24_5", -665.259, 26.51, "T", "SMD", "USB3_2", "", "O", 22.047, 68.701, 0, 0, 0],
		[166, "PAD25_6", -615.259, 26.51, "T", "SMD", "USB3_3", "", "O", 22.047, 68.701, 0, 0, 0],
		[167, "PAD26_7", -565.259, 26.51, "T", "SMD", "USB2_2", "", "O", 22.047, 68.701, 0, 0, 0],
		[168, "PAD27_8", -515.259, 26.51, "T", "SMD", "USB2_3", "", "O", 22.047, 68.701, 0, 0, 0],
		[169, "PAD28_16", -865.259, 252.69, "T", "SMD", "GND", "GND", "O", 22.047, 68.701, 0, 0, 0],
		[170, "PAD29_14", -765.259, 252.69, "T", "SMD", "U1_14", "", "O", 22.047, 68.701, 0, 0, 0],
		[171, "PAD30_13", -715.259, 252.69, "T", "SMD", "U1_13", "", "O", 22.047, 68.701, 0, 0, 0],
		[172, "PAD31_12", -665.259, 252.69, "T", "SMD", "GND", "GND", "O", 22.047, 68.701, 0, 0, 0],
		[173, "PAD32_11", -615.259, 252.69, "T", "SMD", "+5V", "", "O", 22.047, 68.701, 0, 0, 0],
		[174, "PAD33_10", -565.259, 252.69, "T", "SMD", "GND", "GND", "O", 22.047, 68.701, 0, 0, 0],
		[175, "PAD34_9", -515.259, 252.69, "T", "SMD", "U1_9", "", "O", 22.047, 68.701, 0, 0, 0],
		[176, "PAD35_1", -1663.04, -855.87, "T", "SMD", "U2_1", "", "R", 31.496, 47.244, 0, 0, 0],
		[177, "PAD36_2", -1706.34, -855.87, "T", "SMD", "U2_2", "", "R", 31.496, 47.244, 0, 0, 0],
		[178, "PAD37_3", -1749.65, -855.87, "T", "SMD", "U2_3", "", "R", 31.496, 47.244, 0, 0, 0],
		[179, "PAD38_4", -1792.96, -855.87, "T", "SMD", "U2_4", "", "R", 31.496, 47.244, 0, 0, 0],
		[180, "PAD39_5", -1836.27, -855.87, "T", "SMD", "U2_5", "", "R", 31.496, 47.244, 0, 0, 0],
		[181, "PAD40_6", -1879.57, -855.87, "T", "SMD", "U2_6", "", "R", 31.496, 47.244, 0, 0, 0],
		[182, "PAD41_7", -1922.88, -855.87, "T", "SMD", "U2_7", "", "R", 31.496, 47.244, 0, 0, 0],
		[183, "PAD42_8", -1966.19, -855.87, "T", "SMD", "U2_7", "", "R", 31.496, 47.244, 0, 0, 0],
		[184, "PAD43_9", -1520.32, -623.58, "T", "SMD", "GND", "GND", "R", 59.055, 78.74, 0, 0, 0],
		[185, "PAD44_10", -2059.69, -623.58, "T", "SMD", "GND", "GND", "R", 59.055, 78.74, 0, 0, 0],
		[186, "PAD45_11", -1520.32, -946.42, "T", "SMD", "GND", "GND", "R", 59.055, 78.74, 0, 0, 0],
		[187, "PAD46_12", -2059.69, -946.42, "T", "SMD", "GND", "GND", "R", 59.055, 78.74, 0, 0, 0],
		[188, "PAD47_9", -1687.5, -120.48, "T", "SMD", "U3_9", "", "O", 14, 71.449, 0, 0, 0],
		[189, "PAD48_10", -1712.5, -120.48, "T", "SMD", "+5V", "", "O", 14, 71.449, 0, 0, 0],
		[190, "PAD49_11", -1737.5, -120.48, "T", "SMD", "U3_11", "", "O", 14, 71.449, 0, 0, 0],
		[191, "PAD50_13", -1787.5, -120.48, "T", "SMD", "U3_9", "", "O", 14, 71.449, 0, 0, 0],
		[192, "PAD51_14", -1812.5, -120.48, "T", "SMD", "GND", "GND", "O", 14, 71.449, 0, 0, 0],
		[193, "PAD52_15", -1837.5, -120.48, "T", "SMD", "U1_4", "", "O", 14, 71.449, 0, 0, 0],
		[194, "PAD53_16", -1862.5, -120.48, "T", "SMD", "U1_3", "", "O", 14, 71.449, 0, 0, 0],
		[195, "PAD54_8", -1687.5, -329.52, "T", "SMD", "U2_4", "", "O", 14, 71.449, 0, 0, 0],
		[196, "PAD55_7", -1712.5, -329.52, "T", "SMD", "U2_1", "", "O", 14, 71.449, 0, 0, 0],
		[197, "PAD56_6", -1737.5, -329.52, "T", "SMD", "U2_2", "", "O", 14, 71.449, 0, 0, 0],
		[198, "PAD57_5", -1762.5, -329.52, "T", "SMD", "U2_3", "", "O", 14, 71.449, 0, 0, 0],
		[199, "PAD58_4", -1787.5, -329.52, "T", "SMD", "U2_5", "", "O", 14, 71.449, 0, 0, 0],
		[200, "PAD59_3", -1812.5, -329.52, "T", "SMD", "U2_7", "", "O", 14, 71.449, 0, 0, 0],
		[201, "PAD60_2", -1837.5, -329.52, "T", "SMD", "U2_7", "", "O", 14, 71.449, 0, 0, 0],
		[202, "PAD61_1", -1862.5, -329.52, "T", "SMD", "U2_6", "", "O", 14, 71.449, 0, 0, 0],
		[203, "PAD62_6", -1764.41, 263.345, "T", "DIP", "GND", "GND", "C", 102.362, 102.362, 82.678, 82.678, 180],
		[204, "PAD62_6", -1764.41, 263.345, "B", "DIP", "GND", "GND", "C", 102.362, 102.362, 82.678, 82.678, 180],
		[205, "PAD63_5", -2315.59, 263.345, "T", "DIP", "GND", "GND", "C", 102.362, 102.362, 82.678, 82.678, 180],
		[206, "PAD63_5", -2315.59, 263.345, "B", "DIP", "GND", "GND", "C", 102.362, 102.362, 82.678, 82.678, 180],
		[207, "PAD64_4", -2177.79, 156.655, "T", "DIP", "GND", "GND", "C", 60, 60, 36.22, 36.22, 180],
		[208, "PAD64_4", -2177.79, 156.655, "B", "DIP", "GND", "GND", "C", 60, 60, 36.22, 36.22, 180],
		[209, "PAD65_3", -2079.37, 156.655, "T", "DIP", "USB2_3", "", "C", 60, 60, 36.22, 36.22, 180],
		[210, "PAD65_3", -2079.37, 156.655, "B", "DIP", "USB2_3", "", "C", 60, 60, 36.22, 36.22, 180],
		[211, "PAD66_2", -2000.63, 156.655, "T", "DIP", "USB2_2", "", "C", 60, 60, 36.22, 36.22, 180],
		[212, "PAD66_2", -2000.63, 156.655, "B", "DIP", "USB2_2", "", "C", 60, 60, 36.22, 36.22, 180],
		[213, "PAD67_1", -1902.2, 156.655, "T", "DIP", "+5V", "", "R", 60, 60, 36.22, 36.22, 180],
		[214, "PAD67_1", -1902.2, 156.655, "B", "DIP", "+5V", "", "R", 60, 60, 36.22, 36.22, 180],
		[215, "PAD68_6", -1034.41, 263.345, "T", "DIP", "GND", "GND", "C", 102.362, 102.362, 82.678, 82.678, 180],
		[216, "PAD68_6", -1034.41, 263.345, "B", "DIP", "GND", "GND", "C", 102.362, 102.362, 82.678, 82.678, 180],
		[217, "PAD69_5", -1585.59, 263.345, "T", "DIP", "GND", "GND", "C", 102.362, 102.362, 82.678, 82.678, 180],
		[218, "PAD69_5", -1585.59, 263.345, "B", "DIP", "GND", "GND", "C", 102.362, 102.362, 82.678, 82.678, 180],
		[219, "PAD70_4", -1447.79, 156.655, "T", "DIP", "GND", "GND", "C", 60, 60, 36.22, 36.22, 180],
		[220, "PAD70_4", -1447.79, 156.655, "B", "DIP", "GND", "GND", "C", 60, 60, 36.22, 36.22, 180],
		[221, "PAD71_3", -1349.37, 156.655, "T", "DIP", "USB3_3", "", "C", 60, 60, 36.22, 36.22, 180],
		[222, "PAD71_3", -1349.37, 156.655, "B", "DIP", "USB3_3", "", "C", 60, 60, 36.22, 36.22, 180],
		[223, "PAD72_2", -1270.63, 156.655, "T", "DIP", "USB3_2", "", "C", 60, 60, 36.22, 36.22, 180],
		[224, "PAD72_2", -1270.63, 156.655, "B", "DIP", "USB3_2", "", "C", 60, 60, 36.22, 36.22, 180],
		[225, "PAD73_1", -1172.2, 156.655, "T", "DIP", "+5V", "", "R", 60, 60, 36.22, 36.22, 180],
		[226, "PAD73_1", -1172.2, 156.655, "B", "DIP", "+5V", "", "R", 60, 60, 36.22, 36.22, 180],
		[227, "PAD74_A5", -192.41, -94.21, "T", "SMD", "USBC1_B5", "", "R", 11.811, 51.181, 0, 0, 90],
		[228, "PAD75_B7", -192.41, -74.53, "T", "SMD", "U1_9", "", "R", 11.811, 51.181, 0, 0, 90],
		[229, "PAD76_A6", -192.41, -54.84, "T", "SMD", "GND", "GND", "R", 11.811, 51.181, 0, 0, 90],
		[230, "PAD77_A7", -192.41, -35.16, "T", "SMD", "U1_9", "", "R", 11.811, 51.181, 0, 0, 90],
		[231, "PAD78_B6", -192.41, -15.47, "T", "SMD", "GND", "GND", "R", 11.811, 51.181, 0, 0, 90],
		[232, "PAD79_B5", -192.41, 23.9, "T", "SMD", "USBC1_B5", "", "R", 11.811, 51.181, 0, 0, 90],
		[233, "PAD80_A1", -192.4, -176.89, "T", "SMD", "GND", "GND", "R", 11.811, 51.181, 0, 0, 90],
		[234, "PAD81_B12", -192.41, -165.08, "T", "SMD", "GND", "GND", "R", 11.811, 51.181, 0, 0, 90],
		[235, "PAD82_A4", -192.4, -145.39, "T", "SMD", "USBC1_B4", "", "R", 11.811, 51.181, 0, 0, 90],
		[236, "PAD83_B9", -192.4, -133.58, "T", "SMD", "USBC1_B4", "", "R", 11.811, 51.181, 0, 0, 90],
		[237, "PAD84_B4", -192.4, 43.58, "T", "SMD", "USBC1_B4", "", "R", 11.811, 51.181, 0, 0, 90],
		[238, "PAD85_A9", -192.4, 55.4, "T", "SMD", "USBC1_B4", "", "R", 11.811, 51.181, 0, 0, 90],
		[239, "PAD86_B1", -192.41, 75.08, "T", "SMD", "GND", "GND", "R", 11.811, 51.181, 0, 0, 90],
		[240, "PAD87_A12", -192.41, 86.89, "T", "SMD", "GND", "GND", "R", 11.811, 51.181, 0, 0, 90],
		[241, "PAD88_2", 2.4, 125.28, "T", "DIP", "GND", "GND", "O", 47.244, 70.866, 31.496, 55.118, 90],
		[242, "PAD88_2", 2.4, 125.28, "B", "DIP", "GND", "GND", "O", 47.244, 70.866, 31.496, 55.118, 90],
		[243, "PAD89_1", -162.16, 125.28, "T", "DIP", "GND", "GND", "O", 47.244, 78.74, 31.496, 62.991, 90],
		[244, "PAD89_1", -162.16, 125.28, "B", "DIP", "GND", "GND", "O", 47.244, 78.74, 31.496, 62.991, 90],
		[245, "PAD90_0", -162.16, -215.28, "T", "DIP", "GND", "GND", "O", 47.244, 78.74, 31.496, 62.993, 90],
		[246, "PAD90_0", -162.16, -215.28, "B", "DIP", "GND", "GND", "O", 47.244, 78.74, 31.496, 62.993, 90],
		[247, "PAD91_3", 2.4, -215.28, "T", "DIP", "GND", "GND", "O", 47.244, 70.866, 31.496, 55.118, 90],
		[248, "PAD91_3", 2.4, -215.28, "B", "DIP", "GND", "GND", "O", 47.244, 70.866, 31.496, 55.118, 90],
		[249, "PAD92_A5", -2287.59, -90.79, "T", "SMD", "USBC2_B5", "", "R", 11.811, 51.181, 0, 0, 270],
		[250, "PAD93_B7", -2287.59, -110.47, "T", "SMD", "GND", "GND", "R", 11.811, 51.181, 0, 0, 270],
		[251, "PAD94_A6", -2287.59, -130.16, "T", "SMD", "U1_2", "", "R", 11.811, 51.181, 0, 0, 270],
		[252, "PAD95_A7", -2287.59, -149.84, "T", "SMD", "GND", "GND", "R", 11.811, 51.181, 0, 0, 270],
		[253, "PAD96_B6", -2287.59, -169.53, "T", "SMD", "U1_2", "", "R", 11.811, 51.181, 0, 0, 270],
		[254, "PAD97_B5", -2287.59, -208.9, "T", "SMD", "USBC2_B5", "", "R", 11.811, 51.181, 0, 0, 270],
		[255, "PAD98_A1", -2287.6, -8.11, "T", "SMD", "GND", "GND", "R", 11.811, 51.181, 0, 0, 270],
		[256, "PAD99_B12", -2287.59, -19.92, "T", "SMD", "GND", "GND", "R", 11.811, 51.181, 0, 0, 270],
		[257, "PAD100_A4", -2287.6, -39.61, "T", "SMD", "+5V", "", "R", 11.811, 51.181, 0, 0, 270],
		[258, "PAD101_B9", -2287.6, -51.42, "T", "SMD", "+5V", "", "R", 11.811, 51.181, 0, 0, 270],
		[259, "PAD102_B4", -2287.6, -228.58, "T", "SMD", "+5V", "", "R", 11.811, 51.181, 0, 0, 270],
		[260, "PAD103_A9", -2287.6, -240.4, "T", "SMD", "+5V", "", "R", 11.811, 51.181, 0, 0, 270],
		[261, "PAD104_B1", -2287.59, -260.08, "T", "SMD", "GND", "GND", "R", 11.811, 51.181, 0, 0, 270],
		[262, "PAD105_A12", -2287.59, -271.89, "T", "SMD", "GND", "GND", "R", 11.811, 51.181, 0, 0, 270],
		[263, "PAD106_2", -2482.4, -310.28, "T", "DIP", "GND", "GND", "O", 47.244, 70.866, 31.496, 55.118, 270],
		[264, "PAD106_2", -2482.4, -310.28, "B", "DIP", "GND", "GND", "O", 47.244, 70.866, 31.496, 55.118, 270],
		[265, "PAD107_1", -2317.84, -310.28, "T", "DIP", "GND", "GND", "O", 47.244, 78.74, 31.496, 62.991, 270],
		[266, "PAD107_1", -2317.84, -310.28, "B", "DIP", "GND", "GND", "O", 47.244, 78.74, 31.496, 62.991, 270],
		[267, "PAD108_0", -2317.84, 30.28, "T", "DIP", "GND", "GND", "O", 47.244, 78.74, 31.496, 62.993, 270],
		[268, "PAD108_0", -2317.84, 30.28, "B", "DIP", "GND", "GND", "O", 47.244, 78.74, 31.496, 62.993, 270],
		[269, "PAD109_3", -2482.4, 30.28, "T", "DIP", "GND", "GND", "O", 47.244, 70.866, 31.496, 55.118, 270],
		[270, "PAD109_3", -2482.4, 30.28, "B", "DIP", "GND", "GND", "O", 47.244, 70.866, 31.496, 55.118, 270],
		[271, "PAD110_2", -950, -251.78, "T", "SMD", "GND", "GND", "R", 47.54, 66.969, 0, 0, 90],
		[272, "PAD111_1", -950, -368.22, "T", "SMD", "USBC2_B5", "", "R", 47.54, 66.969, 0, 0, 90],
		[273, "PAD112_2", -789.8968, -145.63, "T", "SMD", "U3_11", "", "R", 44.588, 54.213, 0, 0, 90],
		[274, "PAD113_1", -789.8968, -224.37, "T", "SMD", "GND", "GND", "R", 44.588, 54.213, 0, 0, 90],
		[275, "PAD114_2", -1055, -483.26, "T", "SMD", "GND", "GND", "R", 50.493, 110.551, 0, 0, 90],
		[276, "PAD115_1", -1055, -596.74, "T", "SMD", "USBC1_B5", "", "R", 50.493, 110.551, 0, 0, 90]
	]
}
}